Question Type,Question,Answer,Context,PDF Name
Factual,What are the key features of in-line centrifugal fans used in construction?,"In-line centrifugal fans have a split, spun aluminum housing with straightening vanes and flanges for mounting. They use direct-drive EC motors mounted in the airstream, factory-wired to a disconnect switch, and equipped with permanently lubricated heavy-duty ball bearings. The fan wheels are aluminum with airfoil blades welded to the hub. Accessories include a variable-speed controller for speed reduction and companion flanges for duct connections.","IN-LINE CENTRIFUGAL FANS Housing: Split, spun aluminum with aluminum straightening vanes, inlet and outlet flanges, and support bracket adaptable to floor, side wall, or ceiling mounting. Direct-Drive Units: Open type EC motor mounted in airstream, factory wired to disconnect switch located on outside of fan housing. Motors permanently lubricated, with heavy-duty ball bearings. Controllable to 20% of full speed (80% turndown). Fan Wheels: Aluminum, airfoil blades welded to aluminum hub. Accessories: Variable-Speed Controller for speed reduction and Companion Flanges for duct connections.",HVAC Fans
Reasoning,Why is efficient waste management important in construction projects?,"Efficient waste management in construction projects helps reduce landfill waste and incineration, promoting sustainability by recycling and salvaging materials. It minimizes environmental impact, conserves resources, and ensures responsible disposal of materials like metals, gypsum board, roofing, insulation, and wood. Additionally, packaging materials such as paper, cardboard, wood crates, and plastic pails should be fully salvaged or recycled to support waste reduction efforts.","Practice efficient waste management in the use of materials in the course of the Work. Use all reasonable means to divert construction and demolition waste from landfills and incinerators. Facilitate recycling and salvage of materials. Demolition Waste includes wood, steel, roofing, insulation, gypsum board, and lumber. Construction Waste includes metals, roofing, insulation, and packaging materials like paper, cardboard, wood crates, and plastic pails, which should be fully salvaged or recycled.",Construction Waste Management and Disposal
Quantitative,What is the minimum compressive strength required for extruded polystyrene foam-plastic board used in masonry cavity insulation?,"The minimum compressive strength required for extruded polystyrene foam-plastic board used in masonry cavity insulation is 25 psi, as specified by ASTM C578, Type IV.","Extruded Polystyrene Board for masonry cavity insulation must conform to ASTM C578, Type IV, with a minimum compressive strength of 25 psi, ensuring durability and structural integrity in construction applications.",Thermal Insulation
Quantitative,What are the minimum design wind pressures that exterior doors and frames must withstand?,Exterior doors and frames must be designed to withstand a minimum inward pressure of 26.3 psf and a minimum outward pressure of 28.5 psf to ensure structural integrity against wind loads.,"Exterior doors and frames must be designed to resist wind loads based on a minimum inward pressure of 26.3 psf and outward pressure of 28.5 psf, ensuring durability and safety in high-wind conditions.",Hollow Metal Doors and Frames
Quantitative,What is the required annular clear space for sleeves used with sleeve-seal systems in concrete slabs and walls?,The required annular clear space for sleeves with sleeve-seal systems in concrete slabs and walls is 1 inch to ensure proper fit and sealing.,Sleeves for sleeve-seal systems must provide a 1-inch annular clear space between piping and concrete slabs or walls to allow for correct installation and sealing.,Seeve and Sleeve Seals for Plumbing Piping
Reasoning,Why is it necessary to proceed with selective demolition systematically from higher to lower levels?,"Systematically proceeding with selective demolition from higher to lower levels ensures structural stability and prevents unintended collapse or damage to supporting elements. By completing demolition above each floor before disturbing lower-level structures, the process minimizes risks and maintains control over debris removal and load distribution. Additionally, this method prevents damage to construction that remains and allows for safer working conditions.","A systematic approach to selective demolition, starting from higher levels and working downward, is essential for safety, structural integrity, and efficient debris management.",Selective Demolition
Factual,What are the qualification requirements for installers and testing agencies for steel decking?,"Installer Qualifications: The installer must have experience completing steel deck installations similar in material, design, and extent to those specified in the project, with a record of successful in-service performance. Testing Agency Qualifications: The testing agency must be independent and qualified according to ASTM E329 for conducting the required testing. Welding Qualification: Welding procedures and personnel must comply with AWS D1.3 (Structural Welding Code - Sheet Steel).","The qualifications of installers and testing agencies ensure that steel decking is installed and tested to industry standards for safety, durability, and structural integrity.",Steel Decking
Reasoning,Why is it important to maintain concrete temperature below 90Â°F during hot-weather placement?,"Maintaining concrete temperature below 90Â°F during hot-weather placement is crucial to prevent rapid evaporation, which can lead to premature setting, shrinkage cracking, and reduced strength. High temperatures accelerate hydration, causing workability issues and potentially reducing long-term durability. To control temperature, methods such as chilled mixing water, chopped ice, or liquid nitrogen can be used, along with fog-spraying and moisture control to maintain proper curing conditions.","Controlling concrete temperature in hot weather prevents excessive hydration rates, reducing the risk of shrinkage, cracking, and long-term durability issues.",Concrete Paving
Quantitative,What is the maximum allowable variation in fastening surfaces for framing members in gypsum board shaft wall assemblies?,The maximum allowable variation in fastening surfaces for framing members is 1/8 inch from the plane formed by the faces of adjacent framing.,"The installation tolerance for gypsum board shaft wall assemblies ensures a uniform and stable surface, preventing misalignment while maintaining the integrity of fire-resistant construction.",Gypsum Board Shaft Wall Assemblies
Quantitative,What is the required temperature range for concrete placement in cold weather?,The required concrete temperature range for cold-weather placement is not less than 50Â°F and not more than 80Â°F at the point of placement.,"In cold-weather conditions, water and aggregates must be heated before mixing to maintain a concrete temperature between 50Â°F and 80Â°F, preventing freezing and ensuring proper curing.",Concrete Paving
Factual,What type of fire alarm control panel exists in the building according to the specifications?,"The existing Fire Alarm Control Panel is Simplex 40008, as specified in Section 283111 - Digital, Addressable Fire-Alarm System.",N/A,Wendel
Reasoning,Why would certain cables need to be replaced during the computer/telephone network installation?,"Cables exceeding 97 meters (318 feet) must be replaced and re-routed to reduce length, as excessive length can negatively impact network performance.",N/A,Wendel
Quantitative,What is the minimum compressive strength required for concrete paving after 28 days?, The specifications require a minimum compressive strength of 4000 psi for concrete paving after 28 days of curing.,N/A,Wendel
Factual,What type of warranty is required for all installed network cable?, The specifications require a minimum 15-year warranty for all installed cable as stated in the maintenance service section.,N/A,Wendel
Factual,What finishing technique is specified for concrete sidewalks?,"Concrete sidewalks require a medium-to-fine-textured broom finish, drawn perpendicular to traffic flow to provide a uniform, fine-line texture.",N/A,Wendel
Reasoning,Why are color identifiers required for the non-continuous cable support system?,"Color identifiers are required to segregate different system cables, with different colors (red, green, yellow, blue) indicating different systems for better organization and maintenance.",N/A,Wendel
Reasoning,Why must certain clearances be maintained between power sources and communication cables?,Specific clearances between power sources and communications cables prevent electromagnetic interference (EMI) that could degrade network performance or cause data corruption.,N/A,Wendel
Reasoning,Why is it required to seal piping interiors at specific locations?,Sealing piping interiors is required where conduits pass from warm to cold locations or enter buildings to prevent condensation that could damage equipment or cause electrical hazards.,N/A,Wendel
Quantitative,What is the required GFCI receptacle trip indicator testing frequency?,GFCI receptacles must self-test every two minutes to verify proper functionality of the trip indicator light.,N/A,Wendel
Quantitative,What is the required air content for concrete paving mix?,The air content for concrete paving must be 5-1/2 percent plus or minus 1-1/2 percent for 1-1/2-inch nominal maximum aggregate size.,N/A,Wendel
Quantitative,What minimum thermal conductivity is specified for flexible elastomeric noise reducing duct liner?,The flexible elastomeric noise reducing duct liner must have a minimum thermal conductivity of 0.25 BTU-in/h-ft^2-F.,N/A,Wendel
Factual,What material is specified for the chain link fence fabric in the project?,The chain link fence fabric is specified as polymer-coated steel wire with a 2-inch mesh size and 9-gauge wire thickness.,N/A,Wendel
Factual,What type of motors are specified for use with variable frequency drives?,Motors for use with variable frequency drives must have shaft grounding rings consisting of conductive microfibers and a grounding path.,N/A,Wendel
Factual,What equipment is the Owner responsible for providing?,"The Owner is responsible for providing network switches, telephone head end equipment, patch panels, and desk telephones.",N/A,Wendel
Reasoning,Why must all HVAC ducts be sealed to Class A specifications?,"All ductwork must be sealed to Class A specifications to minimize air leakage, ensuring system efficiency, preventing energy waste, and maintaining proper air distribution.",N/A,Wendel
Reasoning,Why are different wire colors required for different voltage systems?,"Different wire colors are required for different voltage systems (208/120V vs 480/277V) to ensure proper identification, prevent cross-connection errors, and improve safety during maintenance.",N/A,Wendel
Reasoning,Why are expansion fittings required in certain raceway installations?,"Expansion fittings are required to accommodate thermal expansion and contraction in long conduit runs, preventing damage to conduits and connections during temperature changes.",N/A,Wendel
Quantitative,What is the required sound transmission rating for flexible elastomeric noise reducing duct liner?, The flexible elastomeric noise reducing duct liner must have a sound transmission rating of 25.,N/A,Wendel
Quantitative,What is the required elevation tolerance for concrete paving?,"The elevation tolerance for concrete paving is Â½ inch, as specified in the paving tolerances section.",N/A,Wendel
Quantitative,What is the minimum service factor required for polyphase motors?,"Polyphase motors must have a minimum service factor of 1.15, as specified in the motor requirements.",N/A,Wendel
Factual,What is the maximum support spacing for horizontal sanitary drainage piping with NPS 3 or smaller?,Horizontal sanitary drainage piping NPS 3 and smaller requires 2 percent downward slope in the direction of flow.,N/A,Wendel
Factual,What should be done with ceiling diffusers after final testing and balancing?,Air patterns of ceiling diffusers should be adjusted for proper distribution without drafts.,N/A,Wendel
Factual,What type of termination is required for hot water piping?,Hot water piping requires threaded ends or solder-joint ends for copper tubing with NPS 2 or smaller.,N/A,Wendel
Reasoning,Why must air-handling units be properly sealed against moisture?,Air-handling units must be sealed to prevent moisture intrusion that could lead to mold growth and reduced IAQ.,N/A,Wendel
Reasoning,Why are detectable warning surfaces required at certain pedestrian pathway locations?,Detectable warning surfaces provide tactile cues for visually impaired pedestrians to identify transition points between pedestrian and vehicular areas.,N/A,Wendel
Reasoning,Why must non-raceway cables be secured above ceiling cavities?,"Cables must be secured to building structure to prevent sagging onto ceiling grid, maintain proper separation, and ensure accessibility.",N/A,Wendel
Quantitative,What is the minimum pipe size required for domestic water service?, The minimum raceway size for domestic water piping is 3/4-inch trade size.,N/A,Wendel
Quantitative,What is the minimum size of pull and junction boxes for electrical systems?,"For electrical systems, pull and junction boxes must follow NEMA OS 1 specifications for small sheet metal boxes.",N/A,Wendel
Quantitative,What is the maximum operating temperature for the flexible elastomeric duct liner?,Flexible elastomeric duct liner has a maximum operating temperature of 180Â°F.,N/A,Wendel
Factual,What type of testing is required for the fire alarm system after installation?,The fire alarm system requires reacceptance testing to verify proper operation of added or replaced devices and appliances.,N/A,Wendel
Factual,What finish is required for interior lighting fixture trim?, Interior lighting fixture trim requires powder coat finish with color selected by the Architect.,N/A,Wendel
Factual,What type of insulation is specified for domestic hot water piping?,Domestic hot water piping requires mineral fiber insulation 1 inch thick with ASJ jacket.,N/A,Wendel
Reasoning,Why are electronically commutated motors specified for certain applications?,"ECMs provide variable speed control, higher efficiency, and reduced energy consumption compared to standard motors.",N/A,Wendel
Reasoning,Why are protective shielding pipe covers required for certain plumbing fixtures?,Protective pipe covers prevent contact burns from hot pipes and comply with ADA requirements for accessible fixtures.,N/A,Wendel
Reasoning,Why must expansion joints be installed in concrete paving?,Expansion joints accommodate thermal expansion and contraction to prevent concrete cracking and surface displacement.,N/A,Wendel
Quantitative,"What is the required minimum nominal full-load efficiency for 5HP, 4-pole NEMA Design B motors?","5HP, 4-pole NEMA Design B motors require 89.5% minimum nominal full-load efficiency.",N/A,Wendel
Quantitative,What is the maximum ambient noise rating for air devices in decibels?,Interior ceiling diffusers must maintain NC rating of 30 or less at design airflow.,N/A,Wendel
Quantitative,What is the required temperature range for tempered water at lavatories?,Tempered water at lavatories must be set to 105Â°F.,N/A,Wendel
Factual,What type of surface finish is required for concrete sidewalks?, Concrete sidewalks require medium-to-fine-textured broom finish perpendicular to traffic flow.,N/A,Wendel
Factual,What conduit type is specified for outdoor exposed applications?,GRC (Galvanized Rigid Steel Conduit) is required for exposed outdoor conduit applications.,N/A,Wendel
Factual,What is the specified color for fire alarm device wiring?,Fire alarm cable shall be red in color.,N/A,Wendel
Reasoning,Why must manual volume dampers have locking quadrants?,"Locking quadrants prevent inadvertent adjustment after balancing, maintaining proper system airflow.",N/A,Wendel
Reasoning,Why is firestopping required at penetrations through fire-rated assemblies?,"Firestopping maintains the fire-resistance rating of assemblies, preventing fire and smoke spread between compartments.",N/A,Wendel
Reasoning,Why are identification labels required on all electrical equipment?,"Labels ensure proper identification for operation, maintenance, emergency response, and code compliance.",N/A,Wendel
Quantitative,What is the minimum thickness of sheet metal for rectangular duct fabrication?,"Sheet metal thickness must comply with SMACNA ""HVAC Duct Construction Standards"" based on pressure class.",N/A,Wendel
Quantitative,What is the minimum height of concrete curbs for roof-mounted equipment?,Roof curbs for equipment must be 18 inches high.,N/A,Wendel
Quantitative,What is the required clearance between ducts and adjacent surfaces?,"Ducts must be installed with a minimum clearance of 1 inch, plus allowance for insulation thickness.",N/A,Wendel
Reasoning,Why must smoke detectors be kept covered during construction?,"Covering smoke detectors during construction prevents false alarms and protects devices from dust, debris, and damage.",N/A,Wendel
Reasoning,Why is load balancing required for electrical panelboards?,"Load balancing prevents circuit overloading, reduces voltage drop, and ensures efficient electrical distribution across all phases.",N/A,Wendel
Reasoning,Why are penetration firestop systems tested at positive pressure?,Testing at positive pressure simulates real-world fire conditions where heated gases create pressure differentials that can push flames through openings.,N/A,Wendel
Factual, What color are emergency exit signs specified to be?,"Exit signs must be illuminated with LEDs with a minimum 70,000-hour rated lamp life.",N/A,Wendel
Quantitative,What is the maximum wire fill capacity for the non-continuous cable support system?,The non-continuous cable support system has a fill capacity of 100 Cat 6 cables.,N/A,Wendel
Quantitative, What is the minimum overlap required for vapor retarder materials?, Vapor retarders should overlap a minimum of two inches at all seams and be sealed with pressure-sensitive tape.,N/A,Wendel
Reasoning,Why must mechanical equipment be suspended with vibration isolation devices?,"Vibration isolation prevents transmission of mechanical vibrations to building structure, reducing noise and potential structural damage.",N/A,Wendel
Factual,What type of joint sealant is required for toilet room applications?,Mildew-resistant silicone sealant is required for toilet rooms and other high-humidity areas.,N/A,Wendel
Quantitative,What is the minimum rated light output for weatherproof visible notification appliances?, Weatherproof visible notification appliances must have a minimum rated light output of 110 cd.,N/A,Wendel
Quantitative,What is the maximum allowable compression for fiberglass blanket insulation?, Fiberglass blanket insulation has a maximum allowable compression of 25%.,N/A,Wendel
Quantitative,What is the specified minimum compressive strength for hydraulic-cement grout?,"Hydraulic-cement grout must have a minimum design mix of 5000-psi, 28-day compressive strength.",N/A,Wendel
Quantitative,What is the maximum permissible discrepancy between phase loads in a panelboard?,The maximum permissible difference between phase loads within a panelboard is 20 percent.,N/A,Wendel
Quantitative,What is the required tensile strength for polypropylene pull wires in empty raceways?, Pull wires in empty raceways must have a minimum tensile strength of 200 pounds.,N/A,Wendel
Reasoning,Is a Flame Spread Rating of 45 allowed for acoustical panel ceiling?,No the rating must be 25 or less as per ASTM E84.,Acoustical Panel Ceiling,Wendel
Reasoning,What is to be done if we cannot install hanger wires that support the acoustical ceiling panels at the required spacing?,Install carrying channels or other supplemental support for attachment of hanger wires,Acoustical Panel Ceiling,Wendel
Reasoning,Can we install flooring over concrete slabs while they are still curing and wet?,No you cannot install flooring over concrete slabs while they are still wet. Concrete slabs must be cured and sufficiently dry to bond with the adhesive.,Resilient Flooring And Accessories,Wendel
Factual,What should be the Acrylic Sheet thickness for Inerior Panel Signs?,0.080 inch thick,Room Identification Signage,Wendel
Factual,What are the material specifications for Fire Protection Cabinets?,"Material should be Stainless Steel Sheet: ASTM A 666, Type 304.",Fire Protection Cabinets,Wendel
Factual,What dimensions are allowed for selection of Refrigerator/Freezer?,"The Refrigerator should be 32 inches wide, 37 inches deep, and 70 inches in height.",APPLIANCES,Wendel
Factual,At what distances are supports to be installed for vertical copper tubing used for domestic water piping?,Supports for vertical copper piping are to be installed every 10 feet for vertical copper tubing used in domestic water piping.,DOMESTIC WATER PIPING,Wendel
Quantitative,Can I reduce my hanger rod diameter from 1 inch to 1/2 inch?,Yes your rod diameter can be reduced to 1/2 inch.,DOMESTIC WATER PIPING,Wendel
Quantitative,"What is the ideal tempered water setting, for domestic water pipelines?",The ideal tempered water setting should be at 105 deg F.,DOMESTIC WATER PIPING SPECIALITIES,Wendel
Quantitative,Can I use a Ball-valve or a drain valve with a pressure rating of 200-psig minimum CWP?,No the Ball-valve or the drain valve must be pressure rated to atleast 400-psig minimum CWP.,DOMESTIC WATER PIPING SPECIALITIES,Wendel
Factual,What AIA document does the Architect use to authorize minor changes in the Work that do not involve adjustments to the Contract Sum or the Contract Time?,"The Architect will issue supplemental instructions authorizing minor changes in the Work on AIA Document G710, ""Architect's Supplemental Instructions",SECTION 012600 - CONTRACT MODIFICATION PROCEDURES,Wendel
Factual,What is the maximum activity duration for scheduling a contractor's construction schedule?,20 days unless specifically allowed by Architect,CONSTRUCTION PROGRESS DOCUMENTATION ,Wendel
Factual,When is the Gantt-chart schedule expected to be submitted?,Within 5 days of date established for Notice to Proceed.,CONSTRUCTION PROGRESS DOCUMENTATION ,Wendel
Reasoning,Is an exact count of personnel on Project Site needed in the Daily Construction Reports?,"No, an approximate count of personnel is needed at Project Site.",CONSTRUCTION PROGRESS DOCUMENTATION ,Wendel
Reasoning,"Is ""Material stored prior to previous report and remaining in storage"" a category in the Site Condition Reports?",No it is a category in the Material Location Reports.,CONSTRUCTION PROGRESS DOCUMENTATION ,Wendel
Reasoning,Do we need to submit the Unusual Event Reports to just the owner?,"No we submit the Unusual Event Report to the Owner, and distribute copies to the parties affected by the occurrence.",CONSTRUCTION PROGRESS DOCUMENTATION ,Wendel
Factual,What is the timeline for submission of the Unusual Event Report to the Owner?,Within 1 day of occurrence of the event.,CONSTRUCTION PROGRESS DOCUMENTATION ,Wendel
Reasoning,True or False - An Installer must be a firm with appropriate qualifications.,False it can be a firm or an individual.,QUALITY REQUIREMENTS - 014000 - 5,Wendel
Factual,What is the minimum notice period before which a Contractor must inform testing agencies in advance of the testing or inspection to be performed?,24 hours,QUALITY REQUIREMENTS - 014000 - 6,Wendel
Reasoning,"True or False - The program of Special Inspection and Structural Testing is a Quality Assurance program
intended to ensure that the work is performed in accordance with the Contract Documents.",TRUE,SPECIAL INSPECTIONS - 014100 - 1,Wendel
Factual,For special inspections and structural testing who determines the locations for taking sample specimens?,The architect determines the locations for taking sample specimens,SPECIAL INSPECTIONS - 014100 - 2,Wendel
Factual,For special inspections and structural testing who approves the testing laboratory and individual technicians?,The Sructural Engineer of Record(SER) and the Building Official approval is needed.,SPECIAL INSPECTIONS - 014100 - 2,Wendel
Factual,Who shall be responsible for the travel expenses of the Special Inspector and Testing Laboratory in case materials for Special Instructions are not within a 100 mile radius of the project?,The contractor shall be responsible.,SPECIAL INSPECTIONS - 014100 - 3,Wendel
Factual,What is the timeline for the Testing Laboratory to communicate any discrepancy or failing tests to the SER and the Building Official?,This type of communication should be immediate.,SPECIAL INSPECTIONS - 014100 - 4,Wendel
Factual,"What is the definition of ""Furnish"" in the context of the construction contract?","Supply and deliver to Project site, ready for unloading, unpacking, assembly, installation, and similar operations.",REFERENCES - 014200 - 1,Wendel
Quantitative,What is the minimum thickness for Polyethylene Sheet used in Temporary Facilities and Controls?,The minimum thickness is 10-mil.,TEMPORARY FACILITIES AND CONTROLS - 015000 - 3,Wendel
Factual,Are gasoline powered space heaters allowed for use as Temporary Facility?,No it is not allowed.,TEMPORARY FACILITIES AND CONTROLS - 015000 - 3,Wendel
Reasoning,As a part of Temporary Facilities and Controls is it required to provide temporary parking areas for construction personnel?,Yes it is required to provide temporary parking areas for construction personnel.,TEMPORARY FACILITIES AND CONTROLS - 015000 - 6,Wendel
Reasoning,During construction while temporary facilities and controls are in place is smoking allowed in construction areas?,No smoking is prohibited in construction areas.,TEMPORARY FACILITIES AND CONTROLS - 015000 - 7,Wendel
Reasoning,Are hygroscopic materials like wood or gypsum considered defective if they remain wet for upto 24 hours?,No they are considered defective if they remain wet for 48 hours or more.,TEMPORARY FACILITIES AND CONTROLS - 015000 - 8,Wendel
Factual,What is the minimum time duration to determine if any wet hygroscopic material is to be considered defective?,The minimum time duration is 48 hours,TEMPORARY FACILITIES AND CONTROLS - 015000 - 8,Wendel
Reasoning,How to determine if any materials that have become wet need to be discarded?,"Measure moisture content daily for upto 48 hours from the time of exposure, identify moisture levels higher than allowed, and remove materials that cannot be restored to their manufactured moisture level within 48 hours.",TEMPORARY FACILITIES AND CONTROLS - 015000 - 8,Wendel
Factual,What is the maintenance frequency of the Temporary Facilities?,Maintenance needs to be performed on a 24 hour basis wherever deemed necessary.,TEMPORARY FACILITIES AND CONTROLS - 015000 - 9,Wendel
Reasoning,When can we change over from using Temporary Facility to permanent facility?,We can change over from using Temporary Facility to Permanent Facility upon Substantial Completion.,TEMPORARY FACILITIES AND CONTROLS - 015000 - 9,Wendel
Factual,Who owns the material and facilities that constitute the temporary facilities?,Materials and facilities that constitute temporary facilities are property of Contractor.,TEMPORARY FACILITIES AND CONTROLS - 015000 - 9,Wendel
Factual,Who reserves the right to limit selection to products with warranties not in conflict with requirements of the Contract Documents?,The owner  reserves the right to limit selection to products with warranties not in conflict with requirements of the Contract Documents.,PRODUCT REQUIREMENTS - 016000 - 4,Wendel
Factual,Which products are to be selected by the Architect specifically?,"The products that are accompanied by the term ""as selected,"" will be selected by the Architect.",PRODUCT REQUIREMENTS - 016000 - 4,Wendel
Reasoning,For product selection from a Restricted Products List can the contractor provide a product which matches the specification but is not in the list?,No the product must be from the provided Restricted Product List.,PRODUCT REQUIREMENTS - 016000 - 4,Wendel
Reasoning,For product selection from a Unrestricted Products List can the contractor provide a product which matches the specification but is not in the list?,Yes the product can be from the list or an unnamed product that complies with the requirements,PRODUCT REQUIREMENTS - 016000 - 4,Wendel
Reasoning,For manufacturer selection from a Restricted Manufacturers' List can the contractor provide a product from an unnamed manufacturer not from the list?,No the product must be from a manufacturer from the provided Restricted Manufacturer List.,PRODUCT REQUIREMENTS - 016000 - 4,Wendel
Reasoning,For manufacturer selection from a Unrestricted Manufacturers' List can the contractor provide a product from an unnamed manufacturer not from the list?,Yes the product can be from the list of manufacturers or from an unnamed manufacturer that complies with the requirements,PRODUCT REQUIREMENTS - 016000 - 4,Wendel
Reasoning,Can the architect consider the Contractor's request for a comparable product if it does not provide specified warranty?,"No, it must provide the specified warranty.",PRODUCT REQUIREMENTS - 016000 - 5,Wendel
Reasoning,Can the architect consider the Contractor's request for a comparable product if it requires revision to the Contract Documents?,"No, it must not require revision to the Contract Documents.",PRODUCT REQUIREMENTS - 016000 - 5,Wendel
Factual,"What is the definition of ""Cutting"" in context of execution of construction procedures in the contract?","Removal of in-place construction necessary to permit installation or performance of
other work.",EXECUTION - 017300 - 1,Wendel
Factual,"What is the definition of ""Patching"" in context of execution of construction procedures in the contract?","Fitting and repair work required to restore construction to original conditions after
installation of other work.",EXECUTION - 017300 - 1,Wendel
Reasoning,What is the timeline for the submitting the Cutting and Patching plan?,It should be submitted atleast 10 days prior to the time cutting and patching will be performed.,EXECUTION - 017300 - 1,Wendel
Factual,Should the Patching plan include the list of products that will be used to perform the patching work?,Yes the list of products used for performing patching must be included.,EXECUTION - 017300 - 1,Wendel
Factual,Does the Architect need to be involved before proceeding with cutting and patching of structural elements?,Yes the Architect must be notified. Only proceed forward after receiving directions from the Architect.,EXECUTION - 017300 - 2,Wendel
Factual,Is visible evidence of cutting and patching after the completion of the procedure acceptable?,No it is not acceptable. The respective construction must be replaced,EXECUTION - 017300 - 2,Wendel
Reasoning,Is it required to bypass existing utility services before cutting and patching is performed?,Yes it is required to bypass existing utility services beforehand to minimize interruptions.,EXECUTION - 017300 - 5,Wendel
Reasoning,What needs to be protected while performing cutting and patching?,In-place construction and portions of project that might be exposed during cutting and patching must be protected.,EXECUTION - 017300 - 5,Wendel
Factual,What tools can be used to perform cutting on Concrete and Masonry?,Cutting machine such as an abrasive saw or a diamond core drill.,EXECUTION - 017300 - 5,Wendel
Factual,For how long can waste materials be held under normal weather conditions?,Seven days.,EXECUTION - 017300 - 6,Wendel
Factual,How frequently are the public roads expected to be cleaned?,On a daily basis or as directed by the owner.,EXECUTION - 017300 - 7,Wendel
Factual,What is the definition of demolition waste?,"Building and site improvement materials resulting from demolition or
selective demolition operations.",CONSTRUCTION WASTE MANAGEMENT AND DISPOSAL - 017419 - 1,Wendel
Factual,Does the waste management plan include location of the containers?,Yes the waste management plan must include location of the containers,CONSTRUCTION WASTE MANAGEMENT AND DISPOSAL - 017419 - 2,Wendel
Factual,What type of detectable warning tiles are specified for concrete paving?,Cast-in-place detectable warning tiles made of molded glass and carbon-fiber-reinforced polyester.,DETECTABLE WARNING MATERIALS,Wendel
Reasoning,Why must Category 6 cables exceeding 97 meters be replaced during installation?," Because they exceed the maximum recommended length for proper network performance, potentially causing signal degradation.",SYSTEM DESCRIPTION,Wendel
Quantitative,What is the required compressive strength of concrete for paving after 28 days?,4000 psi with a maximum water-to-cementitious materials ratio of 0.40.,CONCRETE MIXTURES,Wendel
Factual,What color are the specified chain-link fence materials required to be?,"Black, according to ASTM F934.",CHAIN-LINK FENCE FABRIC,Wendel
Reasoning, Why must fire alarm system wiring be encased in EMT above inaccessible ceilings?,To provide physical protection and meet fire code requirements for concealed spaces.,PATHWAYS,Wendel
Quantitative,What is the minimum separation distance between electrical power source (<2kVA) and open pathways?,6 inches.,INSTALLATION,Wendel
Factual,What type of concrete finishing is specified for exterior walkways?,"Medium-to-Fine-Textured Broom Finish, perpendicular to traffic flow.",FLOAT FINISHING,Wendel
Quantitative,What is the maximum allowable thickness variation for concrete paving?,"Plus 3/8 inch, minus 1/4 inch.",PAVING TOLERANCES,Wendel
Reasoning,Why must concrete paving joints be formed with faces perpendicular to surface plane?,To ensure structural integrity and proper load transfer across the joint.,JOINTS,Wendel
Factual,What type of privacy slats are specified for the chain link fence?," Fiber-glass-reinforced plastic slats, UV-light-stabilized, not less than 0.06 inch thick.",PRIVACY SLATS,Wendel
Factual,What foundation method is specified for chain-link fence posts?,Set in concrete pad with holes not less than 5 inches deep.,CHAIN-LINK FENCE INSTALLATION,Wendel
Quantitative,What is the required air content for exterior concrete paving?,5-1/2 percent plus or minus 1-1/2 percent.,CONCRETE MIXTURES,Wendel
Reasoning,Why are detectable warning tiles required at certain concrete walking surfaces?,To provide tactile warning for accessibility compliance with ADA-ABA guidelines.,DETECTABLE WARNING MATERIALS,Wendel
Quantitative,What is the dimension of a rectangular detectable warning panel?,24 by 36 inches.,DETECTABLE WARNING MATERIALS,Wendel
Reasoning,Why must concrete be protected during the curing process?,To prevent premature drying and damage from extreme temperatures.,CONCRETE PROTECTION AND CURING,Wendel
Reasoning, Why are firestopping materials required at penetrations of fire-rated assemblies?,To maintain the fire-resistance rating of the assembly and prevent fire spread.,FIRESTOPPING,Wendel
Factual,What testing agency shall review the fire alarm system installation?,Authorities having jurisdiction must witness field tests.,FIELD QUALITY CONTROL,Wendel
Quantitative,How many inches of slack must be provided for network cables?,6 inches at station termination and 24 inches at patch panels.,INSTALLATION,Wendel
Quantitative,What is the required thermal conductivity of duct liner?, 0.25 BTU-in/h-ft^2-F.,DUCT LINER,Wendel
Reasoning,Why must concrete paving surfaces be floated before broom finishing?,"To create a uniform, flat surface before applying texture for slip resistance.",FLOAT FINISHING,Wendel
Factual,What fire rating is specified for the fire dampers?,1-1/2 hours.,FIRE DAMPERS,Wendel
Quantitative,What is the dimension of chain-link fence mesh openings?,2 inches.,CHAIN-LINK FENCE FABRIC,Wendel
Reasoning,Why are open top non-continuous cable supports required for network cabling?,To properly support cables without causing deformation while maintaining accessibility.,NON-CONTINUOUS CABLE SUPPORTS,Wendel
Factual,What connection method is specified for flexible ducts to metal ducts?,"Stainless steel band clamps, adhesive, and sheet metal screws.",INSTALLATION,Wendel
Factual,What color must modular jacks be for network cabling?,"Color that matches the cable color, to be verified with Architect.",COMPONENTS,Wendel
Reasoning,Why is a 15-year warranty required for installed network cable?,To ensure long-term reliability of the infrastructure investment.,MAINTENANCE AND WARRANTY,Wendel
Quantitative,What is the maximum expansion joint spacing in concrete paving?, 20 feet unless otherwise indicated.,JOINTS,Wendel
Quantitative,What is the maximum allowed concrete slump?,"4 inches, plus or minus 1 inch.",CONCRETE MIXTURES,Wendel
Factual,What type of optical fiber cable is specified in the project?," Multi-mode fiber optic laser optimized OM4, indoor/outdoor rated with 50/125um core/cladding.",COMPONENTS,Wendel
Reasoning,Why must digital alarm communicator transmitter have dual communication methods?,To provide redundancy if primary communication method fails.,DIGITAL ALARM COMMUNICATOR,Wendel
Quantitative,What is the minimum compaction required for subbase before concrete placement?,90% compaction with vibratory plate.,PREPARATION,Wendel
Factual,What material is specified for fire alarm system cable in accessible ceilings?,Red fire alarm cable mounted on Panduit Cable J hooks.,PATHWAYS,Wendel
Reasoning,Why are evaporation retarders required for concrete paving in hot conditions?,To prevent moisture loss that could lead to cracking and reduced strength.,CONCRETE PROTECTION AND CURING,Wendel
Reasoning,Why must concrete mixing time be reduced when air temperature is above 90Â°F?,To prevent premature setting before placement due to accelerated chemical reactions.,CONCRETE MIXING,Wendel
Factual,What wire gauge is specified for chain-link fence fabric?,9 gauge.,CHAIN-LINK FENCE FABRIC,Wendel
Quantitative,"What diameter is specified for end, corner, and pull posts for chain-link fence?",4.0 inches in diameter.,FENCE FRAMEWORK,Wendel
Reasoning,Why must steel reinforcement be cleaned before being placed in concrete?,To remove loose rust and mill scale that would reduce bond with concrete.,STEEL REINFORCEMENT INSTALLATION,Wendel
Quantitative,How long must concrete paving be protected from traffic after placement?,At least 14 days.,REPAIR AND PROTECTION,Wendel
Factual,What type of fire-alarm control panel is existing in the building?,Simplex 40008.,SYSTEM DESCRIPTION,Wendel
Factual,What type of warranty period is required for LED luminaires?,Five years minimum from the date of substantial completion.,WARRANTY,Wendel
Reasoning,Why must pull wires be installed in empty raceways?,To facilitate future cable installation without needing to reopen walls or ceilings.,INSTALLATION,Wendel
Quantitative,What is the required CRI (Color Rendering Index) for LED fixtures?,Minimum 80.,LUMINAIRE REQUIREMENTS,Wendel
Reasoning,Why must exposed ductwork and piping be installed parallel to building walls?,For aesthetic consistency and to maintain orderly arrangement of mechanical systems.,PIPING INSTALLATION,Wendel
Quantitative,What is the maximum horizontal duct support spacing?,5 feet intervals.,INSTALLATION,Wendel
Factual,What type of copper conductors are specified for branch circuits?,"Copper, stranded for all sizes.",CONDUCTOR MATERIAL APPLICATIONS,Wendel
Factual,What type of exit sign lamps are specified?,"LEDs with 70,000 hours minimum rated lamp life.",EXIT SIGNS,Wendel
Quantitative,What temperature rating is required for seismic-rated fan installations?,Rated for 180Â°F max and -297Â°F min.,DUCT LINER,Wendel
Reasoning,Why must EMT conduit be used for fire alarm wiring in inaccessible ceilings?,To provide physical protection and meet fire code requirements for concealed spaces.,PATHWAYS,Wendel
Factual,What color coding is specified for 208/120V Phase B conductors?,Red.,INSTALLATION,Wendel
Quantitative,What is the minimum rod size for raceway support?,1/4 inch in diameter.,APPLICATION,Wendel
Reasoning,Why are smoke damper covers required during construction?,To protect the smoke detector mechanism from construction dust and damage.,INSTALLATION,Wendel
Reasoning,Why must underground warning tape be installed above utility lines?,To alert excavators of buried utilities before reaching and damaging them.,INSTALLATION,Wendel
Factual,What insulation material is specified for duct work?,Flexible fiberglass.,DUCTWORK INSULATION SCHEDULE,Wendel
Quantitative,What is the required sound transmission rating for duct liner?,25 is the required sound transmission rating for duct liner.,DUCT LINER,Wendel
Factual,What hardware is required for swing gates?,180-degree outward swing hinges and latch with padlocking capability from both sides.,SWING GATES,Wendel
Quantitative,How many strands of fiber optic cable must be installed?, 12 strands.,SUMMARY,Wendel
Reasoning,Why must concrete samples be laboratory cured for testing?,To establish standard baseline strength under controlled conditions for quality assurance.,FIELD QUALITY CONTROL,Wendel
Reasoning,Why are isolation joints required in concrete paving?," To allow independent movement between concrete and fixed objects, preventing cracking.",JOINTS,Wendel
Factual, What electrical panel type is specified for lighting and appliance branch circuits?,"NEMA PB 1, lighting and appliance branch-circuit type.",LIGHTING AND APPLIANCE BRANCH-CIRCUIT PANELBOARDS,Wendel
Quantitative,What is the maximum allowable compression for insulation blankets?, 25%.,INSULATION MATERIALS,Wendel
Factual, What device is used to secure duct sections together?,Flange connectors made of galvanized steel.,FLANGE CONNECTORS,Wendel
Factual,What type of motors are specified for fans with variable speed drives?,Motors with shaft grounding rings consisting of conductive microfibers and grounding path.,SHAFT GROUNDING RINGS,Wendel
Factual,What material is specified for device boxes in wet locations?,Cast metal with gasketed cover.,"BOXES, ENCLOSURES, AND CABINETS",Wendel
Reasoning,Why are backscatter coefficient values specified for fiber optic cables?,To ensure proper performance in optical time domain reflectometry testing.,COMPONENTS,Wendel
Quantitative,What is the required duct sealing class for all ductwork?,Seal class A.,DUCT SEALING,Wendel
Quantitative,What is the durometer rating for sealing gaskets in trap seal protection devices?,80 durometer.,TRAP SEAL PROTECTION DEVICES,Wendel
Quantitative,What is the temperature requirement for concrete mixing in cold weather?,Not less than 50Â°F and not more than 80Â°F at point of placement.,FIELD CONDITIONS,Wendel
Factual,What connection type is specified for fire-alarm system box grounding?,Ground wire from main service ground to fire-alarm control unit.,GROUNDING,Wendel
Reasoning,Why must tie rods be thicker for lengths longer than 36 inches?,To prevent sagging and maintain structural integrity over longer spans.,MATERIALS,Wendel
Reasoning,Why are wall-mounted equipment devices installed at consistent heights?," To maintain uniformity, accessibility, and compliance with ADA requirements.",COMMON REQUIREMENTS FOR ELECTRICAL INSTALLATION,Wendel
Factual, What organization is specified for fire alarm system monitoring?,West Fire & Security.,MAINTENANCE SERVICE,Wendel
Reasoning,Why is a self-testing feature required for GFCI receptacles?,To automatically verify protection functionality without user intervention.,GFCI RECEPTACLES,Wendel
Quantitative,How many extra materials of each type of smoke detector must be provided?,"10 percent of amount installed, but no less than 1 unit.",EXTRA MATERIALS,Wendel
Factual,What type of firestopping is required for electrical penetrations?,Firestopping with ratings determined per ASTM E 814 or UL 1479.,FIRESTOPPING,Wendel
Reasoning,Why must detectable warning tiles have a specific dome spacing configuration?,To maintain consistent tactile patterns required by ADA-ABA accessibility guidelines.,DETECTABLE WARNING MATERIALS,Wendel
Quantitative,What is the maximum fill capacity of the non-continuous cable support system?,100 Cat 6 cables.,NON-CONTINUOUS CABLE SUPPORTS,Wendel
Factual,What finish is specified for chain-link fence framework?,Polymer coating over metallic coating matching the chain-link fabric.,FENCE FRAMEWORK,Wendel
Reasoning,Why should circuit breakers be tested at both normal and maximum system pressures?,To verify performance under all potential operating conditions including peak demand.,FIELD QUALITY CONTROL,Wendel
Quantitative,What is the minimum air outlet and inlet testing tolerance?,Plus or minus 10 percent.,TOLERANCES,Wendel
Factual,What type of testing is required for copper network cabling?,Testing with equipment similar to Microtest Omni Scanner in accordance with EIA/TIA TSB-95.,FIELD QUALITY CONTROL,Wendel
Reasoning,Why must fire pump feeders use Type RHW cable?,To maintain circuit integrity during fire conditions for critical life-safety systems.,CONDUCTOR INSULATION AND MULTICONDUCTOR CABLE APPLICATIONS,Wendel
Quantitative, What is the maximum static pressure drop permitted for the fire damper?,4-inch wg static pressure class.,FIRE DAMPERS,Wendel
Quantitative,What are the specified wind performance parameters for RTU supports?,"The design shall comply with an ultimate basic wind speed of 120 MPH and use Exposure Category B, with wind pressure determined by the curb engineer.","PACKAGED, OUTDOOR, CENTRALâ€‘STATION AIRâ€‘HANDLING UNITS",Wendel
Reasoning,Why must comprehensive shop drawings be submitted for RTU installations?,"Shop drawings detail dimensions, weights, loads, assembly methods, and clearance requirements so that the installation meets performance tolerances and safety criteria.","PACKAGED, OUTDOOR, CENTRALâ€‘STATION AIRâ€‘HANDLING UNITS",Wendel
Factual,Which materials are specified for the construction of roof curbs?,"Roof curbs are to be made of galvanized steel with a corrosion-protection coating, include watertight gaskets, and factory-installed wood nailers.","PACKAGED, OUTDOOR, CENTRAL-STATION AIR-HANDLING UNITS",Wendel
Quantitative,What is the designated curb height for the installation of the RTU?,The curb height is specified as 18 inches.,"PACKAGED, OUTDOOR, CENTRAL-STATION AIR-HANDLING UNITS",Wendel
Quantitative,"In the context of mounting electrical components, what measurement approach is described?","Components are to be measured to the bottom of units for suspended items and to the center for wall-mounted items, ensuring maximum headroom.",COMMON WORK RESULTS FOR ELECTRICALS,Wendel
Factual,Which manufacturers are cited as sources for the lowâ€voltage conductors and cables?,"Manufacturers include General Cable Corporation, Senator Wire & Cable Company, and Southwire Company.",LOWâ€‘VOLTAGE ELECTRICAL POWER CONDUCTORS AND CABLES,Wendel
Factual,What product types are covered in the section for  LOWâ€‘VOLTAGE ELECTRICAL POWER CONDUCTORS AND CABLES?,"This section covers building wires and cables rated for 600 V or less, including connectors, splices, and terminations rated for 600 V and below.",LOWâ€‘VOLTAGE ELECTRICAL POWER CONDUCTORS AND CABLES,Wendel
Reasoning,Why is compliance with NFPA 70 crucial?,"Compliance with NFPA 70 ensures that installations meet nationally recognized safety standards, which is vital for preventing electrical hazards and maintaining system integrity.",LOWâ€‘VOLTAGE ELECTRICAL POWER CONDUCTORS AND CABLES,Wendel
Factual,"What type of quality assurance measure is required for electrical components is required in the section of ""LOWâ€‘VOLTAGE ELECTRICAL POWER CONDUCTORS AND CABLES""?",Components must be listed and labeled by a qualified testing agency and must meet specific testing requirements as per NFPA 70.,LOWâ€‘VOLTAGE ELECTRICAL POWER CONDUCTORS AND CABLES,Wendel
Reasoning,How do fabricated metal equipment support assemblies enhance installation integrity?,"They are fabricated or field-fabricated to accurately fit the equipment dimensions, providing robust support and ensuring that electrical equipment is securely mounted even under future load increases.",HANGERS AND SUPPORTS FOR ELECTRICAL SYSTEMS,Wendel
Factual,Name two manufacturers mentioned for providing steel slotted support systems.,"Two of the manufacturers listed are Allied Tube & Conduit and Cooper B-Line, Inc.",HANGERS AND SUPPORTS FOR ELECTRICAL SYSTEMS,Wendel
Reasoning,Why must mounting and anchorage methods vary with different substrate types?,"Different substrates (concrete, masonry, light steel, etc.) require specific anchorage methods to achieve proper load transfer and ensure longâ€‘term stability without damaging the supporting structure.",HANGERS AND SUPPORTS FOR ELECTRICAL SYSTEMS,Wendel
Quantitative,What is the minimum trade size designated for raceways?,The minimum raceway size is specified as a 3/4â€‘inch trade size.,RACEWAY AND BOXES FOR ELECTRICAL SYSTEMS,Wendel
Reasoning,Why are proper raceway fittings critical for electrical safety?,"Proper fittings ensure secure and continuous electrical connections, protect against physical damage, and maintain the integrity of the raceway system against environmental and mechanical stresses.",RACEWAY AND BOXES FOR ELECTRICAL SYSTEMS,Wendel
Factual,What is the difference between metal and nonmetal conduits?,"Metal conduits (such as GRC and EMT) are typically used for locations subject to physical damage and provide inherent grounding, while nonmetal conduits (like RNC) are used where corrosion resistance or other material properties are required and must be listed accordingly.",RACEWAY AND BOXES FOR ELECTRICAL SYSTEMS,Wendel
Quantitative,How many 90â€‘degree bends are permitted in a conduit run (excluding control wiring conduits)?,No more than the equivalent of three 90â€‘degree bends is allowed in any conduit run.,RACEWAY AND BOXES FOR ELECTRICAL SYSTEMS,Wendel
Reasoning,What is the purpose of embedding raceways in slabs?,"Embedding raceways in slabs protects the conduits from external damage, allows for a clean appearance, and ensures that they remain fixed in position even when subject to concrete placement and temperature changes.",RACEWAY AND BOXES FOR ELECTRICAL SYSTEMS,Wendel
Factual,What special provisions are made for raceways in underground installations?,"Underground installations require proper trench excavation, backfilling with controlled compaction, and the installation of warning tapes and planks to protect the raceway and alert future excavators.",RACEWAY AND BOXES FOR ELECTRICAL SYSTEMS,Wendel
Reasoning,Why are expansionâ€‘joint fittings important for raceways in areas with significant temperature changes?,"They accommodate expansion and contraction due to temperature fluctuations, preventing stress on the conduits and avoiding damage or disconnection.",RACEWAY AND BOXES FOR ELECTRICAL SYSTEMS,Wendel
Quantitative,What is the minimum thickness for the colorâ€‘coding conductor tape specified?,The tape must be not less than 3 mils (0.08 mm) thick and 1 to 2 inches (25 to 50 mm) wide.,IDENTIFICATION FOR ELECTRICAL SYSTEMS,Wendel
Reasoning,"Why is it important to coordinate identification names, abbreviations, and colors?","Consistent identification reduces errors during maintenance and repairs, ensures clear communication among personnel, and complies with safety standards and code requirements.",IDENTIFICATION FOR ELECTRICAL SYSTEMS,Wendel
Factual,"Which types of equipment must receive identification labels as specified in the section ""IDENTIFICATION FOR ELECTRICAL SYSTEMS""?","Equipment such as panelboards, disconnect switches, control panels, terminal cabinets, and components of power, lighting, control, and alarm systems require identification labels.",IDENTIFICATION FOR ELECTRICAL SYSTEMS,Wendel
Reasoning,How does proper electrical identification contribute to system safety and maintenance?,"Clear identification enables quicker troubleshooting, safer isolation of circuits during maintenance, and minimizes the risk of erroneous work that could lead to electrical hazards.",IDENTIFICATION FOR ELECTRICAL SYSTEMS,Wendel
Quantitative,At what height must the top of the panelboard trim be mounted?,The top of the trim must be mounted 90 inches above the finished floor unless otherwise indicated.,PANELBOARDS,Wendel
Reasoning,How do panelboard schedules assist in load balancing?,"They provide a detailed record of installed circuits and device ratings, which helps to distribute loads evenly across the panel, ensuring safe operation and preventing overload.",PANELBOARDS,Wendel
Factual,What key information must be included in the panelboard submittals?,"Submittals must include product data with dimensions, ratings, technical details, wiring diagrams, timeâ€‘current coordination curves, and evidence of NRTL listings.",PANELBOARDS,Wendel
Quantitative,What is the maximum tolerance allowed for load balancing differences after circuit changes?,A difference exceeding 20 percent is not acceptable.,PANELBOARDS,Wendel
Reasoning,Why is it essential to prepare a circuit directory for panelboards?,"A directory helps ensure that each circuit is properly identified and balanced, facilitates future troubleshooting, and maintains system documentation for operational safety.",PANELBOARDS,Wendel
Reasoning,How do identification devices in panelboards improve maintenance operations?,"They provide clear labels for individual circuits and components, which speeds up fault location, reduces the risk of accidental energizing, and improves overall maintenance efficiency.",PANELBOARDS,Wendel
Factual,What standard must panelboards comply with regarding short-circuit current interruption?,Panelboards must be fully rated to interrupt the symmetrical short-circuit current available at the terminals.,PANELBOARDS,Wendel
Quantitative,What voltage limit applies to the building wires and cables used in the project?,The wires and cables are rated for 600 volts or less.,LOWâ€‘VOLTAGE ELECTRICAL POWER CONDUCTORS AND CABLES,Wendel
Factual,What standard must conductor insulation adhere to in these installations?,Conductor insulation must comply with the NEMA WC 70 requirements for the applicable conductor type.,LOWâ€‘VOLTAGE ELECTRICAL POWER CONDUCTORS AND CABLES,Wendel
Reasoning,What is the purpose of conducting field quality-control tests on conductors?,"Field tests verify that conductors, splices, and terminations operate within prescribed parameters, ensuring safe performance and compliance with installation standards.",LOWâ€‘VOLTAGE ELECTRICAL POWER CONDUCTORS AND CABLES,Wendel
Factual,How are supports designed to carry the load of multiple electrical raceways?,"Supports are engineered to handle the combined static load of the raceways and their contents, ensuring safe, long-term performance.",HANGERS AND SUPPORTS FOR ELECTRICAL SYSTEMS,Wendel
Factual,What is the primary function of hanger rods in the electrical installation?,"Hanger rods secure raceways and cables, providing reliable support and ensuring that these components remain properly positioned.",HANGERS AND SUPPORTS FOR ELECTRICAL SYSTEMS,Wendel
Reasoning,How do the anchorage methods vary depending on the substrate used?,"Different substrates (such as concrete, masonry, or light steel) require specific anchoring techniques that ensure secure attachment without damaging the material, providing a strong and lasting bond.",HANGERS AND SUPPORTS FOR ELECTRICAL SYSTEMS,Wendel
Quantitative,What is the minimum trade size specified for raceway installations?,The minimum raceway trade size is 3/4 inch.,RACEWAY AND BOXES FOR ELECTRICAL SYSTEMS,Wendel
Reasoning,How does limiting the number of conduit bends enhance system integrity?,"Limiting bends (to the equivalent of no more than three 90-degree bends) minimizes stress on the conduit, reduces the risk of damage during installation, and facilitates smoother conductor pulling.",RACEWAY AND BOXES FOR ELECTRICAL SYSTEMS,Wendel
Reasoning,Why is embedding raceways in concrete slabs beneficial?,"Embedding provides physical protection, keeps the conduit securely in place, and prevents exposure to environmental damage or accidental impact.",RACEWAY AND BOXES FOR ELECTRICAL SYSTEMS,Wendel
Factual,Which techniques are recommended to aid the pulling of conductors through conduits?,"The use of manufacturer-approved pulling compounds, lubricants, and proper tools such as fish tape or cable grips is recommended to minimize friction and prevent conductor damage.",RACEWAY AND BOXES FOR ELECTRICAL SYSTEMS,Wendel
Quantitative,What are the minimum thickness and width requirements for the color-coded conductor tape?,The tape must be at least 3 mils thick and between 1 to 2 inches wide.,IDENTIFICATION FOR ELECTRICAL SYSTEMS,Wendel
Reasoning,How does proper labeling of electrical equipment enhance system safety?,"Accurate labeling assists with quick identification during maintenance, minimizes the risk of errors, and ensures that circuits are properly isolated during repairs.",IDENTIFICATION FOR ELECTRICAL SYSTEMS,Wendel
Factual,What method is recommended for applying self-adhesive identification products to electrical equipment?,Surfaces should be cleaned with manufacturer-recommended materials before the application of self-adhesive labels to ensure proper adhesion and durability.,IDENTIFICATION FOR ELECTRICAL SYSTEMS,Wendel
Quantitative,What is the prescribed mounting height for panelboard cabinets based on finished floor level?,Panelboard cabinets should have the top of the trim mounted at 90 inches above the finished floor.,PANELBOARDS,Wendel
Factual,What purpose do filler plates serve in panelboard installations?,Filler plates cover any unused openings in the panelboard to prevent accidental contact with live parts and maintain the unitâ€™s overall integrity.,PANELBOARDS,Wendel
Factual,What type of water-hammer arresters are specified in the domestic water piping specialties?,Metal bellows type.,WATER-HAMMER ARRESTERS,Wendel
Reasoning,Why must barrier type trap seal protection devices be installed in floor drains?, To prevent sewer gases from escaping through floor drains due to evaporation of trap water.,TRAP SEAL PROTECTION DEVICES,Wendel
Quantitative,"What size of testing head water pressure must soil, waste, and vent piping be capable of withstanding?",10-foot head of water.,PERFORMANCE REQUIREMENTS,Wendel
Factual,What standards must plastic piping components comply with for sanitary waste and vent piping?,"NSF/ANSI 14, with marking of ""NSF-dwv"" for drain, waste and vent piping.",QUALITY ASSURANCE,Wendel
Reasoning,Why are certain PVC solvent cement VOC limits specified in the document?,To comply with environmental regulations limiting harmful emissions from construction materials.,PVC PIPE AND FITTINGS,Wendel
Quantitative,What is the minimum notice time required before interrupting sanitary waste service?,At least 2 days advance notice to owner.,PROJECT CONDITIONS,Wendel
Factual,What standard do cast-iron hubless-piping couplings need to comply with?,ASTM C 1277.,"HUBLESS, CAST-IRON SOIL PIPE AND FITTINGS",Wendel
Reasoning,Why must changes in direction of drainage piping be made with appropriate fittings rather than bends?,"To maintain proper flow, prevent blockages, and comply with plumbing code requirements.",PIPING INSTALLATION,Wendel
Quantitative,What is the required slope for horizontal sanitary drainage piping NPS 3 and smaller?, 2 percent downward in direction of flow.,PIPING INSTALLATION,Wendel
Factual,What material is specified for sealing gaskets in barrier type trap seal protection devices?,Neoprene Rubber.,TRAP SEAL PROTECTION DEVICES,Wendel
Reasoning,Why must vent piping have a downward slope toward vertical fixture vent or vent stack?,To ensure condensation or any moisture drains back to the drainage system rather than collecting in the vent pipe.,PIPING INSTALLATION,Wendel
Quantitative, What is the maximum interval between pipe hangers for vertical PVC piping?,Every 48 inches.,HANGER AND SUPPORT INSTALLATION,Wendel
Factual,What is specified for center-sleeve material in pressure transition couplings?,Carbon Steel,SPECIALTY PIPE FITTINGS,Wendel
Reasoning, Why must test tees (wall cleanouts) be installed in conductors near floor?,To provide accessible inspection and cleaning points at the base of vertical drainage pipes.,CONNECTIONS,Wendel
Quantitative,What is the required water head for testing drainage and vent piping?,Not less than 10-foot head of water.,FIELD QUALITY CONTROL,Wendel
Factual,What type of pipe is specified for above-ground vent piping routed within plenum space?,"Hubless, cast-iron soil pipe and fittings with heavy-duty hubless-piping couplings.",PIPING SCHEDULE,Wendel
Reasoning,Why are floor drains set at different depression levels based on drainage area radius?,To ensure proper drainage flow toward the drain by creating appropriate slope based on the size of the area being drained.,INSTALLATION,Wendel
Quantitative,What is the minimum depressed setting for floor drains with drainage radius of 30 inches or less?,"Equivalent to 1 percent slope, but not less than 1/4-inch total depression.",INSTALLATION,Wendel
Factual,What type of plastic is specified for the body of barrier type trap seal protection devices?,ASB Plastic.,TRAP SEAL PROTECTION DEVICES,Wendel
Reasoning,Why are cleanouts located at different intervals based on pipe size?,Larger pipes are less prone to blockages and can be effectively serviced with fewer cleanout access points.,INSTALLATION,Wendel
Quantitative,What is the minimum length of pipe flashing sleeve specified for roof penetrations?,Minimum length of 10 inches.,FLASHING INSTALLATION,Wendel
Factual,What are the capacities and characteristics of the Electric Water Cooler's cooling system?,"8 gph cooled water, 90Â°F ambient-air temperature, 80Â°F inlet-water temperature, and 50Â°F cooled-water temperature.",ELECTRIC WATER COOLERS WITH BOTTLE FILLING STATION,Wendel
Reasoning,Why must fixture traps be omitted on indirect wastes unless otherwise indicated?,Because indirect wastes typically discharge to an air gap into another fixture that already has a trap.,INSTALLATION,Wendel
Quantitative,What horsepower motor is specified for electric water coolers?,1/5 horsepower.,ELECTRIC WATER COOLERS WITH BOTTLE FILLING STATION,Wendel
Factual,What type of bubbler is specified for electric water coolers with bottle filling stations?,"One bubbler with adjustable stream regulator, located on deck.",ELECTRIC WATER COOLERS WITH BOTTLE FILLING STATION,Wendel
Reasoning,Why must water-supply stops be installed in locations where they can be easily reached?,To allow for quick shut-off during emergencies and to facilitate maintenance without needing to shut down larger portions of the system.,INSTALLATION,Wendel
Quantitative,What is the flow rate specified for bottle filling stations?,1.1 to 1.5 gpm.,ELECTRIC WATER COOLERS WITH BOTTLE FILLING STATION,Wendel
Factual,What type of control is specified for the bottle fill function on water coolers?,Electronic sensor with automatic shutoff timer.,ELECTRIC WATER COOLERS WITH BOTTLE FILLING STATION,Wendel
Reasoning,Why must flushometer valve handles for accessible water closets be mounted on the wide side of compartment?,To ensure the flush control is readily accessible to a person using a wheelchair from the transfer position.,INSTALLATION,Wendel
Quantitative,What is the supply pipe size specified for electric water coolers?,NPS 3/8 (DN 10) with shutoff valve.,ELECTRIC WATER COOLERS WITH BOTTLE FILLING STATION,Wendel
Factual,What refrigerant type is specified for water coolers?,HFC 134a (tetrafluoroethane).,ELECTRIC WATER COOLERS WITH BOTTLE FILLING STATION,Wendel
Reasoning,Why are service basins required to be set in a leveling bed of cement grout?,"To ensure a stable, level installation that properly supports the basin and prevents stress cracking.",INSTALLATION,Wendel
Quantitative, What is the hertz rating specified for the electric water cooler's electrical system?,60 hertz.,ELECTRIC WATER COOLERS WITH BOTTLE FILLING STATION,Wendel
Factual,What type of toilet seat configuration is specified?,Open front without cover.,TOILET SEATS,Wendel
Reasoning,Why must chrome plated escutcheons be installed at piping wall and ceiling penetrations?,To provide a finished appearance and conceal gaps between pipes and surrounding surfaces.,INSTALLATION,Wendel
Quantitative,What is the full load amperage of the electric water cooler motor?,6 lamps.,ELECTRIC WATER COOLERS WITH BOTTLE FILLING STATION,Wendel
Factual,What hinge type is specified for toilet seats?,"CK, check.",TOILET SEATS,Wendel
Reasoning,"Why must sanitary joints between fixtures and walls, floors, and countertops be sealed with silicone sealant?","To prevent water infiltration, maintain hygiene, and prevent mold or mildew growth in these critical areas.",INSTALLATION,Wendel
Quantitative,What type of water filters must be provided with electric water coolers?,Water filters complying with NSF 42 and NSF 53 for cyst and lead reduction.,ELECTRIC WATER COOLERS WITH BOTTLE FILLING STATION,Wendel
Factual,What material is specified for protective shielding pipe covers?,Manufactured plastic wraps for covering plumbing fixture hot and cold water supplies and trap and drain piping.,PROTECTIVE SHIELDING GUARDS,Wendel
Reasoning,"Why must water closet supports include additional extension coupling, faceplate, and feet for installation in wide pipe space?",To accommodate varying wall thicknesses while maintaining proper support and alignment of the fixture.,FIXTURE SUPPORTS,Wendel
Quantitative,What size supply pipe with shutoff valve is specified for electric water coolers?,NPS 3/8 (DN 10).,ELECTRIC WATER COOLERS WITH BOTTLE FILLING STATION,Wendel
Factual,What material is specified for electric water cooler cabinets?,All stainless steel.,ELECTRIC WATER COOLERS WITH BOTTLE FILLING STATION,Wendel
Reasoning,Why must floor-mounted fixtures be installed on closet flanges or other attachments to the piping?,To provide stable support and prevent movement while creating a proper seal to the drainage system.,INSTALLATION,Wendel
Quantitative,What is the size of the waste fitting drain connection for electric water coolers?,NPS 1-1/2 (DN 32) brass P-trap.,ELECTRIC WATER COOLERS WITH BOTTLE FILLING STATION,Wendel
Reasoning,Why is it necessary to test insulation resistance and continuity for panelboard circuits?,"These tests ensure that all connections are secure and free of defects, confirming that the installation meets safety standards and will function reliably under normal operation.",PANELBOARDS,Wendel
Reasoning,How does creating an accurate circuit directory improve the maintenance of a panelboard?,"A detailed circuit directory simplifies troubleshooting by clearly mapping circuit loads and connections, which aids in resolving issues more quickly and accurately.",PANELBOARDS,Wendel
